transaction_id,date,customer_id,amount,type,description
1,2020-10-26,926,6478.39,credit,Expect series shake art again our.
2,2020-01-08,466,1255.95,credit,Each left similar likely coach take.
3,2019-09-02,110,7969.68,debit,Direction wife job pull determine leader move college.
4,2020-12-02,142,2927.41,credit,Agree reveal buy black already.
5,2020-12-02,944,4661.88,debit,Child relationship show college whom speech.
6,2021-04-25,900,3649.68,credit,Century front item.
7,2020-06-19,458,504.24,credit,Market cover loss hotel send.
8,2022-09-08,573,8088.01,credit,Trouble reason speak involve.
9,2022-01-30,950,3006.30,credit,Popular three war arm best.
10,2020-08-20,728,1008.62,credit,Old see watch no.
11,2019-12-09,908,4615.87,debit,Million explain rule boy agree can.
12,2019-01-18,585,405.19,debit,Us save attention interest country short.
13,2018-04-15,227,5938.56,credit,Media organization structure their cut not where few.
14,2019-06-06,565,3516.95,debit,Available smile make star majority.
15,2022-01-17,818,9454.59,credit,Fund house head course around strategy lead.
16,2020-12-08,751,3415.26,credit,Main few character air.
17,2021-06-05,658,9751.08,transfer,Listen operation enough those society open.
18,2022-05-23,296,1676.77,transfer,Property strategy represent that.
19,2020-01-25,681,5159.90,debit,Soldier green age much sound write chair.
20,2020-02-19,33,6018.28,debit,What single suggest now stop.
21,2020-04-09,611,2359.42,transfer,Support do interesting citizen phone energy consider.
22,2021-03-19,988,7626.52,debit,This pass civil education.
23,2019-10-24,383,5356.25,debit,Choose between staff southern fine not manager nothing.
24,2021-09-02,8,2488.02,credit,Speak ever piece whom indicate she.
25,2022-09-07,497,7752.41,credit,She cover impact program physical.
26,2018-09-04,531,987.32,credit,Newspaper region sister whose man fight usually.
27,2018-05-16,355,3919.23,credit,Lead talk military including system sometimes few within.
28,2021-08-29,570,1281.53,transfer,Have focus admit again.
29,2021-01-18,915,1820.42,credit,Write allow on.
30,2022-06-05,69,5771.55,transfer,Relate small employee.
31,2020-07-10,531,3596.93,credit,Wish not live be practice.
32,2022-07-10,343,7107.40,credit,Hour down professor risk wear.
33,2022-11-16,570,483.28,credit,Popular article light indeed.
34,2018-03-30,950,2005.85,transfer,Yet cover consider national your successful computer.
35,2020-03-28,839,4914.61,transfer,Hope moment value article would economic point technology.
36,2019-11-30,439,3934.16,debit,Newspaper well computer population recently price.
37,2021-07-14,590,4774.77,transfer,Customer sort huge.
38,2022-06-16,997,6247.55,transfer,Message wear indicate.
39,2018-08-25,183,7211.23,transfer,Trip carry camera upon reality doctor adult.
40,2022-02-08,815,7181.74,transfer,Probably leg indicate.
41,2020-08-06,120,9259.66,debit,Or few there notice once down indeed per.
42,2022-01-06,453,8818.31,transfer,Research open catch government left.
43,2021-12-09,416,4723.88,transfer,Single understand individual together.
44,2019-06-04,252,919.33,transfer,Heavy would camera high other appear next.
45,2021-09-15,514,8037.19,credit,Human president myself young option try.
46,2023-03-05,410,468.79,debit,Run us scientist computer.
47,2021-03-14,340,9017.15,credit,This western whose raise.
48,2021-12-20,433,932.48,credit,Own pick someone claim sound watch rise.
49,2021-06-27,864,592.05,transfer,Threat management consumer resource here else.
50,2022-05-27,254,1485.95,transfer,Important stock lot support.
51,2020-06-15,508,2087.57,transfer,Not building manager road.
52,2022-01-19,599,6242.70,debit,Budget station reach carry data guess culture space.
53,2020-11-19,603,2939.09,credit,Improve professor animal fish world.
54,2021-01-02,511,8784.22,credit,Inside Republican suddenly various key.
55,2021-12-27,681,5765.17,debit,Reduce meet government.
56,2023-02-11,477,5095.08,credit,Program should color author should author recent market.
57,2020-05-21,919,2645.87,debit,Can thousand natural opportunity certainly.
58,2022-03-24,106,2052.33,credit,Maybe provide happy impact another forget.
59,2022-01-19,757,1756.62,debit,Well though current send.
60,2021-01-24,549,4539.42,credit,Religious happen start single carry.
61,2018-08-31,54,5392.24,debit,Pass agency than although and.
62,2021-11-03,421,2253.30,debit,Put science recognize rest entire.
63,2019-03-23,898,6185.24,credit,Green campaign here from.
64,2021-10-17,970,2552.75,credit,Speak even thought wrong.
65,2018-09-06,639,7342.83,transfer,Choice guess process central.
66,2020-09-13,502,3609.61,credit,Quality church seven factor couple.
67,2018-05-18,758,9389.33,debit,Avoid might ground story.
68,2019-08-03,645,3575.82,transfer,Skin lay capital current.
69,2018-09-23,414,9183.04,credit,Country after hear indicate market paper relationship.
70,2018-09-17,487,8682.45,credit,Let information heart almost.
71,2021-07-20,656,4992.89,transfer,Face mother let group.
72,2018-11-17,727,3648.88,debit,Cause from purpose easy want.
73,2022-08-07,552,2008.68,credit,Ability ready may.
74,2022-09-07,894,4636.52,debit,More hand change feeling door team food.
75,2018-05-07,433,6022.63,transfer,Maintain training effort thing.
76,2022-11-16,298,2202.74,credit,Conference modern prevent mouth road whole enter store.
77,2020-01-14,752,6816.36,credit,Prepare include respond world interview hear.
78,2018-04-24,486,8101.78,debit,Action few analysis use compare region themselves school.
79,2018-09-05,807,9545.28,transfer,Foot idea part executive end stock want teach.
80,2019-04-18,48,999.02,transfer,Black read picture begin when street conference.
81,2020-04-16,606,3526.39,transfer,Fine civil they work scene.
82,2022-12-16,851,7090.03,transfer,Data perhaps pressure.
83,2022-12-31,821,3527.97,debit,Bag simple born last name toward argue.
84,2021-04-25,50,6142.93,debit,Recognize report production dark.
85,2018-08-26,20,8251.41,transfer,Worker billion particular off arrive.
86,2021-02-24,274,4321.25,debit,Work lay everyone.
87,2022-09-11,185,5582.53,credit,Unit all important subject task.
88,2020-06-09,560,3595.14,transfer,Trade close way grow store work board manager.
89,2019-08-07,333,2112.44,debit,Meet want west.
90,2022-10-29,740,8899.13,transfer,Discussion five goal view.
91,2020-10-22,610,64.62,debit,Area own movement wait.
92,2021-12-08,154,8071.35,transfer,Number actually their information beautiful.
93,2022-12-04,421,6931.46,debit,Total reality baby safe wait meeting.
94,2022-04-27,917,8161.55,debit,Them certainly bill hand window before.
95,2022-09-13,811,2924.89,credit,Population dog interesting so officer style.
96,2021-01-27,761,6981.03,debit,By perform benefit several.
97,2019-02-27,170,1098.28,transfer,Test away within deep set get operation.
98,2018-09-13,728,8898.48,credit,Near movement now reflect everybody level thing.
99,2022-07-14,652,7490.74,debit,Long enjoy career.
100,2021-01-21,756,8888.67,credit,Where turn eye ten.
